Order Value,Delivery Fee,Payment Method,Discounts and Offers,Commission Fee,Payment Processing Fee,Refunds/Chargebacks,Delivery Duration,Total Cost,Profit,High_Profit
1914,0,Credit Card,5.0,150,47,0,88.0,52.0,98.0,1
986,40,Digital Wallet,10.0,198,23,0,35.0,73.0,125.0,1
937,30,Cash on Delivery,15.0,195,45,0,58.0,90.0,105.0,1
1463,50,Cash on Delivery,0.0,146,27,0,46.0,77.0,69.0,1
1992,30,Cash on Delivery,50.0,130,50,0,89.0,130.0,0.0,0
439,20,Cash on Delivery,10.0,92,27,150,51.0,57.0,35.0,1
303,30,Digital Wallet,5.0,144,12,50,53.0,47.0,97.0,1
260,0,Credit Card,10.0,55,19,0,110.0,29.0,26.0,1
1663,40,Cash on Delivery,5.0,116,48,0,114.0,93.0,23.0,1
491,40,Digital Wallet,10.0,189,10,0,80.0,60.0,129.0,1
868,0,Cash on Delivery,5.0,149,36,0,79.0,41.0,108.0,1
1800,20,Credit Card,15.0,61,36,0,40.0,71.0,-10.0,0
674,0,Cash on Delivery,0.0,115,20,0,85.0,20.0,95.0,1
633,30,Digital Wallet,15.0,51,14,50,100.0,59.0,-8.0,0
1193,0,Credit Card,0.0,192,16,0,71.0,16.0,176.0,1
992,0,Digital Wallet,15.0,200,28,0,68.0,43.0,157.0,1
504,20,Credit Card,15.0,130,38,0,98.0,73.0,57.0,1
707,30,Credit Card,10.0,184,24,0,77.0,64.0,120.0,1
1798,50,Credit Card,50.0,191,44,0,86.0,144.0,47.0,1
1714,50,Cash on Delivery,5.0,119,46,100,50.0,101.0,18.0,1
1640,40,Digital Wallet,5.0,164,21,0,111.0,66.0,98.0,1
927,0,Digital Wallet,5.0,137,39,0,49.0,44.0,93.0,1
1243,40,Digital Wallet,0.0,55,29,100,44.0,69.0,-14.0,0
1937,20,Credit Card,5.0,76,46,0,98.0,71.0,5.0,1
789,50,Cash on Delivery,5.0,131,12,0,106.0,67.0,64.0,1
1811,0,Credit Card,10.0,137,18,0,80.0,28.0,109.0,1
1001,20,Digital Wallet,15.0,169,50,0,105.0,85.0,84.0,1
1340,20,Cash on Delivery,5.0,73,48,100,91.0,73.0,0.0,0
155,0,Cash on Delivery,50.0,151,35,0,114.0,85.0,66.0,1
465,20,Cash on Delivery,5.0,83,11,0,66.0,36.0,47.0,1
1822,0,Digital Wallet,0.0,96,32,0,35.0,32.0,64.0,1
1627,0,Cash on Delivery,0.0,73,32,0,100.0,32.0,41.0,1
1867,30,Cash on Delivery,0.0,114,30,50,55.0,60.0,54.0,1
1890,40,Credit Card,5.0,67,25,0,37.0,70.0,-3.0,0
554,20,Credit Card,10.0,93,18,0,102.0,48.0,45.0,1
203,20,Cash on Delivery,50.0,125,22,0,33.0,92.0,33.0,1
176,30,Cash on Delivery,5.0,106,37,0,50.0,72.0,34.0,1
329,30,Credit Card,10.0,156,36,0,60.0,76.0,80.0,1
1381,30,Credit Card,10.0,173,26,0,50.0,66.0,107.0,1
1387,50,Credit Card,5.0,200,47,0,54.0,102.0,98.0,1
430,50,Digital Wallet,5.0,188,45,150,44.0,100.0,88.0,1
1305,50,Digital Wallet,10.0,165,10,0,64.0,70.0,95.0,1
992,0,Credit Card,10.0,142,27,0,78.0,37.0,105.0,1
1891,20,Cash on Delivery,10.0,91,18,0,72.0,48.0,43.0,1
1673,40,Credit Card,5.0,77,22,100,70.0,67.0,10.0,1
787,0,Digital Wallet,10.0,172,49,0,66.0,59.0,113.0,1
126,20,Cash on Delivery,0.0,73,24,150,86.0,44.0,29.0,1
1399,20,Digital Wallet,5.0,185,13,0,71.0,38.0,147.0,1
1775,30,Cash on Delivery,0.0,155,42,50,76.0,72.0,83.0,1
398,30,Digital Wallet,15.0,167,33,0,90.0,78.0,89.0,1
1056,0,Cash on Delivery,5.0,102,45,0,43.0,50.0,52.0,1
898,30,Cash on Delivery,15.0,181,50,0,97.0,95.0,86.0,1
1214,20,Cash on Delivery,10.0,149,19,0,82.0,49.0,100.0,1
579,30,Cash on Delivery,10.0,54,45,50,113.0,85.0,-31.0,0
672,50,Digital Wallet,50.0,98,29,0,63.0,129.0,-31.0,0
557,30,Digital Wallet,10.0,147,50,0,105.0,90.0,57.0,1
1574,20,Cash on Delivery,15.0,79,20,0,53.0,55.0,24.0,1
464,0,Cash on Delivery,10.0,121,21,0,49.0,31.0,90.0,1
958,40,Digital Wallet,5.0,152,27,50,98.0,72.0,80.0,1
1798,30,Cash on Delivery,10.0,112,39,100,59.0,79.0,33.0,1
450,20,Cash on Delivery,50.0,75,46,0,117.0,116.0,-41.0,0
1778,40,Cash on Delivery,10.0,86,29,0,36.0,79.0,7.0,1
1523,40,Credit Card,15.0,56,34,0,65.0,89.0,-33.0,0
352,50,Cash on Delivery,15.0,176,21,150,67.0,86.0,90.0,1
880,40,Credit Card,10.0,141,30,0,109.0,80.0,61.0,1
902,20,Cash on Delivery,15.0,152,34,100,81.0,69.0,83.0,1
1111,20,Digital Wallet,15.0,102,20,50,44.0,55.0,47.0,1
558,30,Credit Card,50.0,181,18,0,75.0,98.0,83.0,1
1822,30,Credit Card,5.0,157,34,0,52.0,69.0,88.0,1
1016,30,Cash on Delivery,50.0,161,44,0,41.0,124.0,37.0,1
598,40,Cash on Delivery,0.0,56,41,0,73.0,81.0,-25.0,0
1049,40,Credit Card,50.0,116,23,0,44.0,113.0,3.0,1
607,50,Digital Wallet,10.0,157,10,50,78.0,70.0,87.0,1
1427,30,Digital Wallet,5.0,160,26,0,50.0,61.0,99.0,1
600,0,Cash on Delivery,10.0,197,34,0,44.0,44.0,153.0,1
902,50,Digital Wallet,0.0,132,17,150,43.0,67.0,65.0,1
697,0,Digital Wallet,5.0,173,14,0,71.0,19.0,154.0,1
265,40,Cash on Delivery,15.0,188,14,0,109.0,69.0,119.0,1
1538,50,Digital Wallet,50.0,153,50,0,44.0,150.0,3.0,1
561,50,Cash on Delivery,10.0,116,44,150,92.0,104.0,12.0,1
1019,20,Credit Card,0.0,56,28,150,97.0,48.0,8.0,1
213,40,Cash on Delivery,15.0,200,32,0,56.0,87.0,113.0,1
1556,40,Credit Card,50.0,159,18,0,116.0,108.0,51.0,1
1091,50,Credit Card,15.0,83,39,0,82.0,104.0,-21.0,0
1479,40,Digital Wallet,50.0,155,25,0,81.0,115.0,40.0,1
1818,50,Digital Wallet,5.0,196,42,0,92.0,97.0,99.0,1
306,20,Digital Wallet,15.0,107,11,100,102.0,46.0,61.0,1
1891,50,Cash on Delivery,15.0,58,23,0,82.0,88.0,-30.0,0
1358,40,Digital Wallet,15.0,97,10,0,86.0,65.0,32.0,1
1565,40,Credit Card,5.0,164,35,0,81.0,80.0,84.0,1
1478,50,Digital Wallet,0.0,90,34,0,72.0,84.0,6.0,1
614,50,Digital Wallet,50.0,97,25,150,36.0,125.0,-28.0,0
1331,50,Cash on Delivery,15.0,74,24,50,71.0,89.0,-15.0,0
808,30,Cash on Delivery,5.0,165,35,0,33.0,70.0,95.0,1
1976,40,Credit Card,0.0,127,25,50,98.0,65.0,62.0,1
1248,40,Cash on Delivery,50.0,157,23,0,34.0,113.0,44.0,1
237,30,Digital Wallet,5.0,74,38,0,104.0,73.0,1.0,1
438,50,Cash on Delivery,50.0,196,33,0,109.0,133.0,63.0,1
636,20,Credit Card,15.0,88,24,0,70.0,59.0,29.0,1
167,50,Digital Wallet,0.0,168,28,0,33.0,78.0,90.0,1
1696,50,Credit Card,5.0,128,17,0,31.0,72.0,56.0,1
1664,30,Cash on Delivery,0.0,129,43,0,96.0,73.0,56.0,1
482,40,Cash on Delivery,15.0,76,11,0,50.0,66.0,10.0,1
118,50,Credit Card,0.0,153,36,0,99.0,86.0,67.0,1
782,40,Digital Wallet,0.0,123,19,0,72.0,59.0,64.0,1
1573,0,Cash on Delivery,10.0,117,44,0,111.0,54.0,63.0,1
173,40,Cash on Delivery,0.0,196,32,50,98.0,72.0,124.0,1
672,20,Digital Wallet,50.0,77,17,0,38.0,87.0,-10.0,0
1038,20,Cash on Delivery,5.0,172,37,100,113.0,62.0,110.0,1
1788,50,Credit Card,10.0,187,32,0,57.0,92.0,95.0,1
1399,40,Cash on Delivery,5.0,132,13,150,55.0,58.0,74.0,1
1171,50,Cash on Delivery,5.0,79,23,0,111.0,78.0,1.0,1
310,30,Digital Wallet,15.0,71,38,0,112.0,83.0,-12.0,0
954,20,Credit Card,15.0,52,10,0,32.0,45.0,7.0,1
750,50,Digital Wallet,10.0,150,13,0,102.0,73.0,77.0,1
1745,30,Cash on Delivery,15.0,154,41,0,78.0,86.0,68.0,1
1093,50,Cash on Delivery,15.0,51,42,0,46.0,107.0,-56.0,0
794,40,Digital Wallet,15.0,103,35,0,92.0,90.0,13.0,1
639,40,Digital Wallet,5.0,55,26,50,84.0,71.0,-16.0,0
1832,40,Digital Wallet,10.0,156,48,100,52.0,98.0,58.0,1
1314,40,Credit Card,5.0,172,32,50,63.0,77.0,95.0,1
1438,0,Cash on Delivery,50.0,51,41,0,98.0,91.0,-40.0,0
1000,30,Digital Wallet,5.0,160,24,0,44.0,59.0,101.0,1
1686,30,Cash on Delivery,50.0,51,22,0,76.0,102.0,-51.0,0
1784,40,Credit Card,0.0,142,11,150,32.0,51.0,91.0,1
879,0,Credit Card,0.0,150,28,0,112.0,28.0,122.0,1
1685,40,Credit Card,50.0,146,33,0,57.0,123.0,23.0,1
1881,0,Credit Card,50.0,160,33,100,32.0,83.0,77.0,1
1236,40,Cash on Delivery,5.0,55,20,0,33.0,65.0,-10.0,0
269,20,Credit Card,50.0,176,31,0,117.0,101.0,75.0,1
1591,20,Credit Card,10.0,153,24,50,60.0,54.0,99.0,1
1801,50,Digital Wallet,0.0,196,19,150,74.0,69.0,127.0,1
1137,40,Credit Card,0.0,50,50,150,88.0,90.0,-40.0,0
1838,30,Digital Wallet,50.0,82,36,0,74.0,116.0,-34.0,0
387,50,Credit Card,15.0,89,18,100,104.0,83.0,6.0,1
288,20,Credit Card,15.0,81,37,100,66.0,72.0,9.0,1
1013,40,Digital Wallet,50.0,66,10,0,94.0,100.0,-34.0,0
1278,50,Credit Card,10.0,175,26,50,38.0,86.0,89.0,1
1690,40,Cash on Delivery,15.0,57,40,0,46.0,95.0,-38.0,0
793,20,Cash on Delivery,50.0,106,19,100,94.0,89.0,17.0,1
1845,50,Credit Card,10.0,91,46,0,32.0,106.0,-15.0,0
987,20,Cash on Delivery,10.0,147,38,0,55.0,68.0,79.0,1
570,0,Digital Wallet,5.0,186,27,0,82.0,32.0,154.0,1
1198,20,Credit Card,10.0,169,47,50,60.0,77.0,92.0,1
376,40,Credit Card,15.0,136,48,0,55.0,103.0,33.0,1
1039,30,Digital Wallet,15.0,103,15,0,52.0,60.0,43.0,1
1768,20,Digital Wallet,50.0,133,49,0,59.0,119.0,14.0,1
1466,30,Digital Wallet,50.0,74,21,150,39.0,101.0,-27.0,0
1548,0,Credit Card,10.0,116,23,0,101.0,33.0,83.0,1
670,50,Digital Wallet,0.0,95,19,50,118.0,69.0,26.0,1
1634,50,Digital Wallet,5.0,71,29,0,93.0,84.0,-13.0,0
956,30,Cash on Delivery,0.0,188,24,0,51.0,54.0,134.0,1
1100,50,Cash on Delivery,10.0,57,40,0,44.0,100.0,-43.0,0
1305,20,Credit Card,10.0,88,16,0,85.0,46.0,42.0,1
557,30,Cash on Delivery,0.0,98,50,0,103.0,80.0,18.0,1
1017,40,Cash on Delivery,5.0,95,19,0,49.0,64.0,31.0,1
1974,20,Digital Wallet,0.0,87,19,0,76.0,39.0,48.0,1
932,20,Digital Wallet,50.0,185,48,0,116.0,118.0,67.0,1
1187,20,Cash on Delivery,15.0,103,37,50,82.0,72.0,31.0,1
938,40,Cash on Delivery,50.0,141,39,0,82.0,129.0,12.0,1
1383,0,Cash on Delivery,15.0,89,46,0,30.0,61.0,28.0,1
292,50,Credit Card,10.0,83,12,0,31.0,72.0,11.0,1
1778,30,Credit Card,5.0,145,24,100,87.0,59.0,86.0,1
715,0,Credit Card,0.0,128,30,150,48.0,30.0,98.0,1
505,30,Cash on Delivery,5.0,176,46,100,91.0,81.0,95.0,1
1849,50,Cash on Delivery,0.0,66,21,0,107.0,71.0,-5.0,0
1877,40,Credit Card,50.0,159,13,0,101.0,103.0,56.0,1
1042,20,Credit Card,50.0,101,18,0,41.0,88.0,13.0,1
820,20,Cash on Delivery,0.0,167,48,0,55.0,68.0,99.0,1
192,40,Digital Wallet,5.0,58,37,0,56.0,82.0,-24.0,0
529,0,Credit Card,0.0,82,32,150,58.0,32.0,50.0,1
753,0,Cash on Delivery,10.0,162,49,0,44.0,59.0,103.0,1
1557,30,Cash on Delivery,50.0,198,31,0,75.0,111.0,87.0,1
1527,40,Digital Wallet,10.0,134,33,0,30.0,83.0,51.0,1
533,0,Cash on Delivery,50.0,59,35,50,89.0,85.0,-26.0,0
1235,40,Cash on Delivery,50.0,55,39,150,86.0,129.0,-74.0,0
474,50,Credit Card,15.0,164,42,0,32.0,107.0,57.0,1
1182,20,Credit Card,10.0,170,25,0,47.0,55.0,115.0,1
1166,20,Digital Wallet,10.0,190,31,0,81.0,61.0,129.0,1
306,20,Digital Wallet,15.0,114,27,0,89.0,62.0,52.0,1
879,40,Cash on Delivery,5.0,69,16,0,63.0,61.0,8.0,1
1419,40,Credit Card,10.0,106,35,0,118.0,85.0,21.0,1
1241,30,Digital Wallet,0.0,95,17,0,89.0,47.0,48.0,1
631,20,Digital Wallet,15.0,185,15,50,55.0,50.0,135.0,1
1345,30,Digital Wallet,10.0,59,39,0,101.0,79.0,-20.0,0
265,20,Cash on Delivery,5.0,162,48,0,48.0,73.0,89.0,1
742,30,Credit Card,10.0,188,32,0,51.0,72.0,116.0,1
1279,30,Digital Wallet,50.0,61,41,100,62.0,121.0,-60.0,0
1307,50,Credit Card,0.0,187,31,0,67.0,81.0,106.0,1
189,30,Digital Wallet,15.0,60,18,0,64.0,63.0,-3.0,0
1217,40,Digital Wallet,50.0,167,40,0,96.0,130.0,37.0,1
112,30,Credit Card,5.0,88,16,0,112.0,51.0,37.0,1
1072,20,Credit Card,50.0,102,18,0,39.0,88.0,14.0,1
1957,30,Credit Card,50.0,105,22,0,44.0,102.0,3.0,1
904,0,Cash on Delivery,5.0,153,12,0,40.0,17.0,136.0,1
1044,20,Digital Wallet,50.0,178,44,0,119.0,114.0,64.0,1
841,0,Cash on Delivery,15.0,105,42,50,53.0,57.0,48.0,1
1957,20,Credit Card,10.0,167,30,0,106.0,60.0,107.0,1
1927,40,Digital Wallet,50.0,181,40,0,33.0,130.0,51.0,1
1561,40,Cash on Delivery,15.0,79,43,150,42.0,98.0,-19.0,0
1661,40,Digital Wallet,10.0,61,41,0,102.0,91.0,-30.0,0
1710,0,Cash on Delivery,10.0,84,44,0,86.0,54.0,30.0,1
975,50,Credit Card,50.0,126,24,150,66.0,124.0,2.0,1
1934,20,Cash on Delivery,15.0,151,41,0,77.0,76.0,75.0,1
1273,40,Digital Wallet,50.0,136,15,0,100.0,105.0,31.0,1
759,20,Digital Wallet,5.0,101,30,0,30.0,55.0,46.0,1
1131,0,Digital Wallet,10.0,129,42,0,89.0,52.0,77.0,1
1152,50,Digital Wallet,50.0,184,41,0,41.0,141.0,43.0,1
395,0,Credit Card,10.0,71,28,50,50.0,38.0,33.0,1
1085,20,Cash on Delivery,15.0,124,42,100,40.0,77.0,47.0,1
1025,50,Credit Card,0.0,107,37,0,73.0,87.0,20.0,1
1844,50,Credit Card,50.0,142,40,150,87.0,140.0,2.0,1
739,0,Credit Card,50.0,152,30,0,73.0,80.0,72.0,1
439,40,Digital Wallet,10.0,189,43,0,107.0,93.0,96.0,1
727,20,Digital Wallet,15.0,56,24,0,63.0,59.0,-3.0,0
538,30,Digital Wallet,5.0,177,23,0,54.0,58.0,119.0,1
1267,30,Cash on Delivery,15.0,104,28,0,33.0,73.0,31.0,1
1041,0,Digital Wallet,50.0,155,24,0,93.0,74.0,81.0,1
929,20,Cash on Delivery,5.0,111,15,0,119.0,40.0,71.0,1
1870,20,Digital Wallet,15.0,139,18,0,45.0,53.0,86.0,1
618,0,Digital Wallet,0.0,147,46,0,39.0,46.0,101.0,1
1075,20,Credit Card,10.0,126,29,0,95.0,59.0,67.0,1
1168,40,Credit Card,15.0,168,43,0,64.0,98.0,70.0,1
1054,0,Credit Card,15.0,85,47,0,112.0,62.0,23.0,1
1362,40,Cash on Delivery,0.0,138,35,0,35.0,75.0,63.0,1
1051,20,Cash on Delivery,50.0,194,27,150,48.0,97.0,97.0,1
1043,0,Digital Wallet,10.0,179,37,0,88.0,47.0,132.0,1
254,20,Cash on Delivery,15.0,190,18,0,82.0,53.0,137.0,1
1304,0,Digital Wallet,5.0,142,41,0,37.0,46.0,96.0,1
1338,20,Cash on Delivery,15.0,163,15,0,107.0,50.0,113.0,1
187,40,Cash on Delivery,10.0,77,23,0,39.0,73.0,4.0,1
1379,40,Cash on Delivery,15.0,192,37,0,96.0,92.0,100.0,1
1634,20,Credit Card,0.0,82,33,0,67.0,53.0,29.0,1
1196,0,Cash on Delivery,15.0,69,22,0,58.0,37.0,32.0,1
1030,30,Credit Card,15.0,189,21,0,44.0,66.0,123.0,1
278,40,Credit Card,5.0,150,28,0,116.0,73.0,77.0,1
311,40,Cash on Delivery,0.0,72,30,0,52.0,70.0,2.0,1
1928,30,Digital Wallet,0.0,161,36,0,111.0,66.0,95.0,1
1357,20,Digital Wallet,15.0,63,28,0,75.0,63.0,0.0,0
564,0,Digital Wallet,5.0,140,33,0,112.0,38.0,102.0,1
1874,20,Cash on Delivery,15.0,126,35,0,57.0,70.0,56.0,1
1346,50,Digital Wallet,15.0,134,37,100,55.0,102.0,32.0,1
730,40,Credit Card,10.0,158,27,0,39.0,77.0,81.0,1
924,50,Digital Wallet,10.0,80,45,50,76.0,105.0,-25.0,0
1387,40,Cash on Delivery,5.0,171,38,50,33.0,83.0,88.0,1
1330,40,Digital Wallet,50.0,156,26,0,84.0,116.0,40.0,1
706,50,Credit Card,10.0,103,13,0,95.0,73.0,30.0,1
984,50,Cash on Delivery,50.0,182,38,0,96.0,138.0,44.0,1
1857,20,Digital Wallet,0.0,190,13,0,36.0,33.0,157.0,1
465,50,Cash on Delivery,10.0,92,19,100,84.0,79.0,13.0,1
375,20,Cash on Delivery,10.0,138,34,0,109.0,64.0,74.0,1
479,20,Cash on Delivery,5.0,164,40,0,60.0,65.0,99.0,1
1866,20,Digital Wallet,50.0,148,12,0,103.0,82.0,66.0,1
1432,40,Cash on Delivery,10.0,96,11,0,48.0,61.0,35.0,1
1754,40,Digital Wallet,10.0,120,34,0,57.0,84.0,36.0,1
1391,50,Credit Card,5.0,116,15,0,110.0,70.0,46.0,1
1044,40,Digital Wallet,5.0,111,35,100,57.0,80.0,31.0,1
1908,50,Credit Card,50.0,158,17,0,48.0,117.0,41.0,1
1187,40,Digital Wallet,0.0,86,44,0,116.0,84.0,2.0,1
909,0,Cash on Delivery,0.0,168,36,0,49.0,36.0,132.0,1
1473,0,Digital Wallet,15.0,135,34,0,42.0,49.0,86.0,1
1024,50,Cash on Delivery,10.0,175,27,0,106.0,87.0,88.0,1
593,40,Credit Card,50.0,185,10,0,72.0,100.0,85.0,1
1646,40,Digital Wallet,10.0,101,48,150,40.0,98.0,3.0,1
1221,20,Cash on Delivery,50.0,140,12,100,77.0,82.0,58.0,1
1194,30,Credit Card,50.0,82,13,0,44.0,93.0,-11.0,0
463,50,Credit Card,50.0,130,50,0,46.0,150.0,-20.0,0
669,30,Digital Wallet,10.0,91,46,0,83.0,86.0,5.0,1
1925,30,Credit Card,5.0,161,24,0,79.0,59.0,102.0,1
862,50,Cash on Delivery,10.0,175,17,0,57.0,77.0,98.0,1
375,40,Credit Card,50.0,185,47,0,112.0,137.0,48.0,1
149,50,Credit Card,15.0,200,28,0,33.0,93.0,107.0,1
1481,30,Cash on Delivery,0.0,155,35,0,51.0,65.0,90.0,1
827,40,Credit Card,50.0,174,48,100,115.0,138.0,36.0,1
1005,0,Credit Card,15.0,162,19,0,68.0,34.0,128.0,1
1027,50,Credit Card,5.0,113,47,100,63.0,102.0,11.0,1
663,50,Credit Card,50.0,172,23,0,73.0,123.0,49.0,1
882,40,Cash on Delivery,15.0,163,50,150,71.0,105.0,58.0,1
584,0,Credit Card,50.0,69,28,0,69.0,78.0,-9.0,0
1207,0,Cash on Delivery,10.0,65,39,0,41.0,49.0,16.0,1
1928,40,Credit Card,15.0,194,14,0,31.0,69.0,125.0,1
1761,20,Credit Card,10.0,68,40,150,57.0,70.0,-2.0,0
1931,50,Credit Card,10.0,169,16,100,103.0,76.0,93.0,1
683,50,Credit Card,15.0,185,28,150,115.0,93.0,92.0,1
1419,30,Cash on Delivery,0.0,87,40,0,110.0,70.0,17.0,1
335,40,Cash on Delivery,15.0,142,48,0,119.0,103.0,39.0,1
155,30,Cash on Delivery,0.0,154,33,50,96.0,63.0,91.0,1
459,30,Digital Wallet,50.0,149,43,50,100.0,123.0,26.0,1
209,0,Credit Card,50.0,139,32,0,101.0,82.0,57.0,1
291,50,Credit Card,15.0,93,49,50,113.0,114.0,-21.0,0
1003,30,Cash on Delivery,50.0,125,15,100,105.0,95.0,30.0,1
1216,0,Digital Wallet,5.0,194,47,0,110.0,52.0,142.0,1
961,40,Credit Card,10.0,128,50,0,39.0,100.0,28.0,1
667,30,Cash on Delivery,10.0,122,45,0,115.0,85.0,37.0,1
1183,50,Credit Card,0.0,189,36,150,86.0,86.0,103.0,1
749,30,Credit Card,50.0,145,20,150,115.0,100.0,45.0,1
138,40,Cash on Delivery,0.0,138,14,0,66.0,54.0,84.0,1
1663,30,Cash on Delivery,10.0,152,26,0,106.0,66.0,86.0,1
1172,50,Credit Card,10.0,195,16,100,93.0,76.0,119.0,1
1543,0,Credit Card,50.0,55,36,0,108.0,86.0,-31.0,0
736,50,Cash on Delivery,5.0,171,24,0,115.0,79.0,92.0,1
1136,0,Credit Card,5.0,165,22,0,69.0,27.0,138.0,1
135,20,Credit Card,50.0,111,20,50,89.0,90.0,21.0,1
200,50,Cash on Delivery,50.0,193,35,0,77.0,135.0,58.0,1
1917,50,Credit Card,0.0,185,31,0,48.0,81.0,104.0,1
1209,40,Credit Card,50.0,138,37,150,101.0,127.0,11.0,1
1639,30,Digital Wallet,5.0,145,33,0,62.0,68.0,77.0,1
1346,0,Cash on Delivery,50.0,175,38,0,73.0,88.0,87.0,1
1461,0,Digital Wallet,0.0,139,18,50,66.0,18.0,121.0,1
265,40,Digital Wallet,0.0,135,13,0,118.0,53.0,82.0,1
482,40,Digital Wallet,0.0,187,27,0,65.0,67.0,120.0,1
1979,30,Credit Card,0.0,170,25,0,110.0,55.0,115.0,1
1499,30,Credit Card,15.0,125,42,0,117.0,87.0,38.0,1
1594,50,Digital Wallet,50.0,141,38,0,50.0,138.0,3.0,1
889,20,Digital Wallet,10.0,119,48,0,31.0,78.0,41.0,1
1765,30,Digital Wallet,50.0,197,19,50,60.0,99.0,98.0,1
130,40,Credit Card,15.0,182,18,0,59.0,73.0,109.0,1
1498,30,Digital Wallet,0.0,72,40,0,105.0,70.0,2.0,1
110,0,Digital Wallet,15.0,186,37,50,73.0,52.0,134.0,1
1425,20,Cash on Delivery,5.0,107,12,0,41.0,37.0,70.0,1
195,50,Cash on Delivery,5.0,95,23,100,80.0,78.0,17.0,1
1313,0,Credit Card,50.0,71,34,150,78.0,84.0,-13.0,0
552,0,Cash on Delivery,50.0,57,24,0,53.0,74.0,-17.0,0
291,20,Cash on Delivery,10.0,172,11,100,53.0,41.0,131.0,1
585,50,Cash on Delivery,10.0,69,33,0,89.0,93.0,-24.0,0
1389,40,Credit Card,5.0,127,23,50,40.0,68.0,59.0,1
1547,50,Cash on Delivery,0.0,88,16,0,42.0,66.0,22.0,1
1251,30,Credit Card,15.0,86,45,0,101.0,90.0,-4.0,0
337,0,Digital Wallet,10.0,124,33,0,103.0,43.0,81.0,1
1478,30,Cash on Delivery,10.0,167,36,0,101.0,76.0,91.0,1
1235,40,Credit Card,0.0,153,46,0,93.0,86.0,67.0,1
1951,30,Cash on Delivery,0.0,80,47,0,49.0,77.0,3.0,1
1569,50,Digital Wallet,50.0,172,39,150,101.0,139.0,33.0,1
1466,30,Credit Card,15.0,103,36,0,102.0,81.0,22.0,1
1268,40,Credit Card,0.0,83,48,50,100.0,88.0,-5.0,0
1188,40,Credit Card,10.0,171,24,0,107.0,74.0,97.0,1
1370,40,Digital Wallet,10.0,162,35,0,57.0,85.0,77.0,1
834,50,Digital Wallet,5.0,111,10,0,31.0,65.0,46.0,1
1090,40,Digital Wallet,0.0,72,13,0,72.0,53.0,19.0,1
1613,0,Credit Card,50.0,95,38,0,37.0,88.0,7.0,1
924,40,Digital Wallet,15.0,105,10,0,42.0,65.0,40.0,1
1562,30,Cash on Delivery,50.0,184,31,0,114.0,111.0,73.0,1
205,30,Digital Wallet,10.0,167,20,0,64.0,60.0,107.0,1
280,30,Credit Card,50.0,180,19,0,52.0,99.0,81.0,1
283,50,Cash on Delivery,10.0,162,26,0,75.0,86.0,76.0,1
325,30,Digital Wallet,10.0,93,45,100,44.0,85.0,8.0,1
876,50,Cash on Delivery,10.0,177,35,0,31.0,95.0,82.0,1
889,50,Cash on Delivery,10.0,157,30,100,90.0,90.0,67.0,1
1212,40,Credit Card,10.0,66,22,100,105.0,72.0,-6.0,0
787,0,Cash on Delivery,5.0,108,18,0,93.0,23.0,85.0,1
629,40,Cash on Delivery,50.0,187,20,0,81.0,110.0,77.0,1
1494,40,Credit Card,5.0,148,20,0,65.0,65.0,83.0,1
1071,50,Credit Card,5.0,133,15,100,96.0,70.0,63.0,1
1035,50,Credit Card,0.0,195,10,50,98.0,60.0,135.0,1
1522,30,Cash on Delivery,0.0,94,15,0,96.0,45.0,49.0,1
205,30,Cash on Delivery,0.0,157,22,0,76.0,52.0,105.0,1
1394,40,Cash on Delivery,15.0,111,31,0,112.0,86.0,25.0,1
930,20,Credit Card,0.0,108,40,0,31.0,60.0,48.0,1
1626,20,Digital Wallet,50.0,187,31,0,73.0,101.0,86.0,1
778,30,Cash on Delivery,5.0,60,46,0,93.0,81.0,-21.0,0
1648,20,Digital Wallet,50.0,151,36,0,110.0,106.0,45.0,1
948,30,Credit Card,0.0,119,23,0,107.0,53.0,66.0,1
1155,50,Cash on Delivery,15.0,172,14,150,57.0,79.0,93.0,1
492,40,Digital Wallet,15.0,83,45,0,83.0,100.0,-17.0,0
139,0,Cash on Delivery,5.0,150,41,0,103.0,46.0,104.0,1
759,40,Cash on Delivery,50.0,194,43,100,96.0,133.0,61.0,1
1341,30,Cash on Delivery,10.0,153,16,50,65.0,56.0,97.0,1
1854,30,Digital Wallet,50.0,89,19,50,92.0,99.0,-10.0,0
1080,40,Credit Card,0.0,68,26,0,54.0,66.0,2.0,1
1205,30,Cash on Delivery,10.0,116,39,0,115.0,79.0,37.0,1
944,20,Credit Card,15.0,131,30,0,77.0,65.0,66.0,1
1843,20,Credit Card,5.0,113,22,0,68.0,47.0,66.0,1
300,30,Digital Wallet,5.0,132,10,0,76.0,45.0,87.0,1
546,30,Digital Wallet,15.0,96,10,100,50.0,55.0,41.0,1
1967,20,Credit Card,0.0,55,42,150,59.0,62.0,-7.0,0
1551,30,Cash on Delivery,15.0,65,47,0,60.0,92.0,-27.0,0
1161,30,Digital Wallet,0.0,195,34,0,55.0,64.0,131.0,1
1334,40,Cash on Delivery,10.0,88,35,0,51.0,85.0,3.0,1
543,0,Cash on Delivery,15.0,162,22,100,50.0,37.0,125.0,1
1450,20,Cash on Delivery,0.0,189,37,0,30.0,57.0,132.0,1
860,40,Credit Card,10.0,187,42,100,66.0,92.0,95.0,1
326,0,Cash on Delivery,15.0,120,46,0,106.0,61.0,59.0,1
147,30,Credit Card,5.0,159,50,0,114.0,85.0,74.0,1
1141,30,Credit Card,15.0,104,39,0,75.0,84.0,20.0,1
1011,40,Cash on Delivery,50.0,178,17,0,38.0,107.0,71.0,1
1562,30,Cash on Delivery,15.0,98,10,0,46.0,55.0,43.0,1
1930,50,Cash on Delivery,50.0,70,21,0,76.0,121.0,-51.0,0
1831,40,Cash on Delivery,10.0,86,14,150,114.0,64.0,22.0,1
286,0,Credit Card,15.0,165,33,0,88.0,48.0,117.0,1
444,40,Cash on Delivery,10.0,73,15,50,83.0,65.0,8.0,1
323,20,Cash on Delivery,10.0,104,34,0,115.0,64.0,40.0,1
929,40,Credit Card,0.0,74,10,50,41.0,50.0,24.0,1
587,30,Digital Wallet,10.0,184,34,50,93.0,74.0,110.0,1
976,30,Digital Wallet,10.0,176,10,0,35.0,50.0,126.0,1
948,50,Credit Card,15.0,142,41,0,82.0,106.0,36.0,1
1352,50,Digital Wallet,15.0,143,12,0,45.0,77.0,66.0,1
1513,50,Credit Card,5.0,120,28,0,119.0,83.0,37.0,1
1078,0,Cash on Delivery,0.0,171,38,0,34.0,38.0,133.0,1
1712,50,Cash on Delivery,10.0,73,11,0,102.0,71.0,2.0,1
1116,0,Digital Wallet,0.0,60,18,50,75.0,18.0,42.0,1
287,50,Cash on Delivery,50.0,122,26,0,43.0,126.0,-4.0,0
1981,0,Digital Wallet,10.0,61,45,0,73.0,55.0,6.0,1
369,40,Digital Wallet,0.0,84,26,0,92.0,66.0,18.0,1
1730,40,Cash on Delivery,5.0,190,21,0,81.0,66.0,124.0,1
409,30,Cash on Delivery,5.0,72,29,0,55.0,64.0,8.0,1
1255,0,Digital Wallet,10.0,132,12,0,82.0,22.0,110.0,1
1674,20,Cash on Delivery,50.0,137,13,150,58.0,83.0,54.0,1
1195,30,Credit Card,5.0,129,26,0,48.0,61.0,68.0,1
1916,40,Cash on Delivery,5.0,146,46,0,76.0,91.0,55.0,1
944,0,Cash on Delivery,50.0,189,24,0,37.0,74.0,115.0,1
1795,50,Credit Card,0.0,83,42,50,52.0,92.0,-9.0,0
1310,20,Cash on Delivery,5.0,124,25,0,64.0,50.0,74.0,1
585,40,Cash on Delivery,15.0,177,20,150,82.0,75.0,102.0,1
1314,30,Digital Wallet,5.0,190,29,0,87.0,64.0,126.0,1
1545,0,Cash on Delivery,0.0,80,47,0,34.0,47.0,33.0,1
219,20,Cash on Delivery,0.0,179,33,0,45.0,53.0,126.0,1
319,0,Credit Card,10.0,152,25,0,46.0,35.0,117.0,1
152,50,Digital Wallet,15.0,64,39,100,61.0,104.0,-40.0,0
1857,30,Digital Wallet,0.0,106,43,0,81.0,73.0,33.0,1
1574,0,Digital Wallet,50.0,124,10,0,49.0,60.0,64.0,1
1535,40,Cash on Delivery,15.0,83,33,150,95.0,88.0,-5.0,0
1766,30,Digital Wallet,15.0,152,33,0,113.0,78.0,74.0,1
1360,40,Credit Card,50.0,124,18,0,111.0,108.0,16.0,1
857,0,Digital Wallet,5.0,78,31,100,30.0,36.0,42.0,1
837,30,Credit Card,50.0,65,21,0,87.0,101.0,-36.0,0
819,40,Digital Wallet,50.0,126,26,0,112.0,116.0,10.0,1
505,50,Digital Wallet,5.0,86,34,50,73.0,89.0,-3.0,0
707,50,Credit Card,5.0,130,37,0,35.0,92.0,38.0,1
1120,0,Digital Wallet,5.0,198,24,100,79.0,29.0,169.0,1
521,30,Digital Wallet,5.0,173,39,0,101.0,74.0,99.0,1
811,20,Digital Wallet,5.0,68,36,100,117.0,61.0,7.0,1
346,30,Cash on Delivery,50.0,151,31,100,49.0,111.0,40.0,1
171,50,Credit Card,10.0,185,19,50,43.0,79.0,106.0,1
1953,40,Digital Wallet,10.0,126,40,0,34.0,90.0,36.0,1
284,20,Credit Card,0.0,90,36,150,70.0,56.0,34.0,1
105,0,Credit Card,10.0,110,21,0,69.0,31.0,79.0,1
1329,20,Credit Card,10.0,75,40,50,63.0,70.0,5.0,1
1667,0,Digital Wallet,50.0,120,41,0,109.0,91.0,29.0,1
1734,20,Digital Wallet,5.0,152,41,0,74.0,66.0,86.0,1
1005,0,Credit Card,5.0,119,50,50,100.0,55.0,64.0,1
486,0,Cash on Delivery,50.0,156,44,0,109.0,94.0,62.0,1
1891,20,Credit Card,10.0,156,30,0,100.0,60.0,96.0,1
798,20,Cash on Delivery,50.0,152,19,0,56.0,89.0,63.0,1
1199,0,Credit Card,0.0,68,25,0,107.0,25.0,43.0,1
1300,50,Credit Card,5.0,117,16,0,107.0,71.0,46.0,1
926,20,Credit Card,15.0,119,13,100,73.0,48.0,71.0,1
1922,30,Digital Wallet,0.0,162,36,0,62.0,66.0,96.0,1
448,40,Cash on Delivery,0.0,106,34,0,62.0,74.0,32.0,1
1378,0,Cash on Delivery,50.0,110,40,0,73.0,90.0,20.0,1
1960,0,Credit Card,10.0,141,20,0,49.0,30.0,111.0,1
1825,40,Digital Wallet,5.0,79,29,0,65.0,74.0,5.0,1
407,50,Digital Wallet,15.0,176,45,100,36.0,110.0,66.0,1
1468,40,Cash on Delivery,0.0,164,26,150,61.0,66.0,98.0,1
1250,20,Digital Wallet,15.0,55,20,0,96.0,55.0,0.0,0
386,40,Cash on Delivery,10.0,67,39,0,68.0,89.0,-22.0,0
865,0,Cash on Delivery,10.0,59,44,0,53.0,54.0,5.0,1
824,40,Cash on Delivery,15.0,141,50,100,115.0,105.0,36.0,1
861,30,Digital Wallet,5.0,188,47,0,99.0,82.0,106.0,1
1719,20,Cash on Delivery,10.0,126,31,0,117.0,61.0,65.0,1
1610,40,Cash on Delivery,15.0,150,36,150,116.0,91.0,59.0,1
482,0,Credit Card,0.0,133,46,100,83.0,46.0,87.0,1
1529,20,Cash on Delivery,15.0,101,44,100,67.0,79.0,22.0,1
487,0,Cash on Delivery,15.0,80,13,50,103.0,28.0,52.0,1
624,50,Credit Card,50.0,194,25,0,109.0,125.0,69.0,1
1680,30,Credit Card,10.0,159,25,150,104.0,65.0,94.0,1
738,50,Digital Wallet,5.0,142,30,0,61.0,85.0,57.0,1
1037,30,Cash on Delivery,5.0,102,35,0,74.0,70.0,32.0,1
1749,40,Digital Wallet,50.0,194,45,100,90.0,135.0,59.0,1
375,20,Digital Wallet,5.0,135,28,0,99.0,53.0,82.0,1
599,40,Credit Card,15.0,51,26,50,117.0,81.0,-30.0,0
816,30,Digital Wallet,50.0,135,35,100,82.0,115.0,20.0,1
436,30,Cash on Delivery,0.0,182,31,0,80.0,61.0,121.0,1
1031,30,Credit Card,10.0,53,37,0,105.0,77.0,-24.0,0
580,0,Cash on Delivery,10.0,55,10,100,85.0,20.0,35.0,1
1010,20,Cash on Delivery,10.0,198,45,0,56.0,75.0,123.0,1
1396,40,Credit Card,15.0,167,46,0,67.0,101.0,66.0,1
1181,40,Cash on Delivery,0.0,138,11,100,91.0,51.0,87.0,1
1451,50,Credit Card,50.0,63,26,0,47.0,126.0,-63.0,0
1854,30,Cash on Delivery,50.0,105,49,150,93.0,129.0,-24.0,0
208,30,Credit Card,10.0,130,47,100,106.0,87.0,43.0,1
1402,30,Digital Wallet,0.0,198,30,0,59.0,60.0,138.0,1
1809,40,Cash on Delivery,0.0,95,18,0,78.0,58.0,37.0,1
427,50,Credit Card,0.0,193,22,0,70.0,72.0,121.0,1
1899,0,Cash on Delivery,5.0,65,20,0,42.0,25.0,40.0,1
414,20,Cash on Delivery,5.0,169,25,0,63.0,50.0,119.0,1
1597,0,Cash on Delivery,10.0,133,25,0,54.0,35.0,98.0,1
1234,40,Credit Card,0.0,57,11,50,95.0,51.0,6.0,1
798,30,Digital Wallet,0.0,137,17,0,47.0,47.0,90.0,1
880,20,Digital Wallet,50.0,180,22,0,34.0,92.0,88.0,1
1352,40,Digital Wallet,50.0,68,26,50,48.0,116.0,-48.0,0
1620,40,Credit Card,10.0,146,48,0,71.0,98.0,48.0,1
255,40,Digital Wallet,0.0,115,33,0,47.0,73.0,42.0,1
1596,20,Credit Card,10.0,128,12,0,61.0,42.0,86.0,1
1824,20,Cash on Delivery,50.0,135,39,0,50.0,109.0,26.0,1
1395,50,Cash on Delivery,50.0,173,22,150,39.0,122.0,51.0,1
986,50,Digital Wallet,5.0,199,28,0,66.0,83.0,116.0,1
1125,0,Credit Card,10.0,95,16,50,78.0,26.0,69.0,1
857,20,Cash on Delivery,10.0,162,18,0,115.0,48.0,114.0,1
821,20,Credit Card,0.0,140,28,50,42.0,48.0,92.0,1
1634,20,Credit Card,0.0,190,49,150,84.0,69.0,121.0,1
1012,50,Cash on Delivery,5.0,82,31,100,46.0,86.0,-4.0,0
1409,40,Credit Card,15.0,182,27,50,38.0,82.0,100.0,1
970,30,Cash on Delivery,15.0,126,32,0,117.0,77.0,49.0,1
112,50,Cash on Delivery,15.0,170,11,0,73.0,76.0,94.0,1
707,20,Cash on Delivery,10.0,177,20,0,107.0,50.0,127.0,1
597,50,Credit Card,10.0,127,40,50,75.0,100.0,27.0,1
1856,0,Cash on Delivery,50.0,116,42,0,37.0,92.0,24.0,1
337,20,Credit Card,10.0,164,23,0,66.0,53.0,111.0,1
1217,0,Cash on Delivery,10.0,112,25,0,48.0,35.0,77.0,1
1461,20,Cash on Delivery,10.0,162,20,0,92.0,50.0,112.0,1
880,50,Digital Wallet,5.0,143,42,0,75.0,97.0,46.0,1
1294,40,Digital Wallet,10.0,97,16,0,100.0,66.0,31.0,1
705,30,Digital Wallet,0.0,61,40,0,55.0,70.0,-9.0,0
760,0,Credit Card,0.0,194,23,150,75.0,23.0,171.0,1
1747,50,Credit Card,50.0,89,37,0,75.0,137.0,-48.0,0
1690,40,Cash on Delivery,5.0,134,25,50,104.0,70.0,64.0,1
948,50,Cash on Delivery,0.0,106,28,0,43.0,78.0,28.0,1
1035,0,Cash on Delivery,5.0,136,26,150,114.0,31.0,105.0,1
1590,30,Cash on Delivery,5.0,133,35,100,92.0,70.0,63.0,1
727,50,Credit Card,50.0,170,15,100,101.0,115.0,55.0,1
242,20,Cash on Delivery,5.0,123,18,100,32.0,43.0,80.0,1
1324,40,Cash on Delivery,10.0,156,26,0,57.0,76.0,80.0,1
1303,50,Digital Wallet,5.0,173,40,100,58.0,95.0,78.0,1
813,40,Cash on Delivery,50.0,149,21,0,116.0,111.0,38.0,1
1487,20,Cash on Delivery,50.0,92,32,0,47.0,102.0,-10.0,0
578,30,Cash on Delivery,50.0,168,14,0,64.0,94.0,74.0,1
664,30,Credit Card,0.0,72,45,100,106.0,75.0,-3.0,0
570,20,Digital Wallet,10.0,86,45,0,105.0,75.0,11.0,1
483,40,Cash on Delivery,0.0,183,12,150,76.0,52.0,131.0,1
1815,50,Cash on Delivery,15.0,114,33,0,34.0,98.0,16.0,1
1025,20,Digital Wallet,10.0,183,26,150,104.0,56.0,127.0,1
516,0,Cash on Delivery,5.0,71,48,50,88.0,53.0,18.0,1
1948,40,Credit Card,50.0,154,35,150,104.0,125.0,29.0,1
407,30,Cash on Delivery,15.0,137,13,0,88.0,58.0,79.0,1
748,20,Credit Card,10.0,174,21,0,76.0,51.0,123.0,1
1817,30,Credit Card,0.0,128,10,0,42.0,40.0,88.0,1
1490,40,Cash on Delivery,50.0,139,30,0,107.0,120.0,19.0,1
1124,30,Digital Wallet,0.0,100,28,150,118.0,58.0,42.0,1
1167,20,Credit Card,10.0,151,30,0,62.0,60.0,91.0,1
838,40,Digital Wallet,10.0,155,27,0,91.0,77.0,78.0,1
1966,0,Cash on Delivery,15.0,109,12,0,108.0,27.0,82.0,1
1221,20,Credit Card,5.0,95,41,0,45.0,66.0,29.0,1
1843,50,Cash on Delivery,0.0,85,19,100,73.0,69.0,16.0,1
1388,20,Digital Wallet,15.0,60,49,0,87.0,84.0,-24.0,0
1923,40,Cash on Delivery,50.0,61,24,0,35.0,114.0,-53.0,0
1906,20,Cash on Delivery,5.0,88,14,0,118.0,39.0,49.0,1
239,0,Credit Card,15.0,188,13,150,44.0,28.0,160.0,1
1604,0,Cash on Delivery,0.0,85,37,150,33.0,37.0,48.0,1
1360,50,Cash on Delivery,10.0,101,13,0,85.0,73.0,28.0,1
1073,30,Cash on Delivery,50.0,80,24,0,93.0,104.0,-24.0,0
1116,40,Credit Card,0.0,82,26,0,97.0,66.0,16.0,1
1052,40,Digital Wallet,5.0,190,12,50,63.0,57.0,133.0,1
1003,30,Digital Wallet,5.0,195,19,0,85.0,54.0,141.0,1
171,0,Cash on Delivery,10.0,107,32,50,61.0,42.0,65.0,1
1790,0,Credit Card,10.0,177,27,0,38.0,37.0,140.0,1
1313,20,Cash on Delivery,50.0,80,10,0,92.0,80.0,0.0,0
1391,50,Digital Wallet,50.0,104,44,0,101.0,144.0,-40.0,0
1444,50,Credit Card,10.0,59,40,0,107.0,100.0,-41.0,0
206,50,Digital Wallet,10.0,179,10,0,62.0,70.0,109.0,1
1355,20,Digital Wallet,5.0,64,12,0,116.0,37.0,27.0,1
1165,50,Credit Card,10.0,52,12,150,50.0,72.0,-20.0,0
1825,30,Credit Card,15.0,92,46,0,84.0,91.0,1.0,1
982,20,Cash on Delivery,0.0,116,28,0,105.0,48.0,68.0,1
238,30,Cash on Delivery,10.0,105,38,0,86.0,78.0,27.0,1
714,20,Digital Wallet,50.0,112,34,100,31.0,104.0,8.0,1
1806,50,Credit Card,15.0,64,42,0,42.0,107.0,-43.0,0
962,30,Credit Card,50.0,158,45,0,33.0,125.0,33.0,1
372,30,Cash on Delivery,15.0,165,38,0,113.0,83.0,82.0,1
1604,30,Digital Wallet,10.0,141,35,0,79.0,75.0,66.0,1
515,20,Digital Wallet,0.0,187,13,50,77.0,33.0,154.0,1
605,40,Cash on Delivery,50.0,96,23,0,107.0,113.0,-17.0,0
832,50,Credit Card,15.0,106,36,0,59.0,101.0,5.0,1
1848,30,Cash on Delivery,5.0,99,42,0,58.0,77.0,22.0,1
1976,40,Cash on Delivery,10.0,120,31,0,37.0,81.0,39.0,1
523,50,Cash on Delivery,0.0,192,12,0,41.0,62.0,130.0,1
1530,50,Cash on Delivery,10.0,195,32,150,70.0,92.0,103.0,1
1691,30,Credit Card,5.0,131,30,0,55.0,65.0,66.0,1
489,30,Cash on Delivery,0.0,165,50,0,79.0,80.0,85.0,1
441,20,Credit Card,5.0,154,32,50,31.0,57.0,97.0,1
1045,40,Cash on Delivery,10.0,137,13,0,84.0,63.0,74.0,1
713,40,Digital Wallet,15.0,51,30,50,85.0,85.0,-34.0,0
592,30,Credit Card,10.0,153,46,150,43.0,86.0,67.0,1
291,50,Digital Wallet,10.0,133,40,0,35.0,100.0,33.0,1
598,30,Cash on Delivery,10.0,92,30,0,110.0,70.0,22.0,1
921,50,Cash on Delivery,50.0,120,35,100,118.0,135.0,-15.0,0
1835,50,Cash on Delivery,5.0,143,50,0,90.0,105.0,38.0,1
1356,30,Credit Card,5.0,91,44,0,41.0,79.0,12.0,1
326,0,Digital Wallet,5.0,182,47,0,42.0,52.0,130.0,1
1494,40,Credit Card,50.0,188,33,0,48.0,123.0,65.0,1
238,50,Credit Card,15.0,114,20,0,73.0,85.0,29.0,1
955,50,Cash on Delivery,10.0,83,50,100,118.0,110.0,-27.0,0
916,0,Digital Wallet,15.0,169,38,100,88.0,53.0,116.0,1
1272,20,Cash on Delivery,50.0,50,12,0,66.0,82.0,-32.0,0
1238,0,Credit Card,5.0,179,10,0,54.0,15.0,164.0,1
1573,0,Cash on Delivery,10.0,197,28,0,45.0,38.0,159.0,1
1186,50,Digital Wallet,0.0,110,31,0,67.0,81.0,29.0,1
203,40,Cash on Delivery,0.0,198,23,0,72.0,63.0,135.0,1
1974,0,Digital Wallet,15.0,137,23,100,116.0,38.0,99.0,1
970,20,Digital Wallet,5.0,117,25,0,43.0,50.0,67.0,1
767,30,Cash on Delivery,0.0,176,42,0,35.0,72.0,104.0,1
372,0,Credit Card,15.0,189,22,0,118.0,37.0,152.0,1
1129,0,Cash on Delivery,50.0,71,47,0,52.0,97.0,-26.0,0
1270,20,Credit Card,15.0,197,21,0,89.0,56.0,141.0,1
283,40,Credit Card,15.0,131,47,150,41.0,102.0,29.0,1
1151,0,Cash on Delivery,15.0,178,48,0,42.0,63.0,115.0,1
1673,0,Credit Card,10.0,79,42,150,35.0,52.0,27.0,1
1242,40,Credit Card,15.0,175,42,0,92.0,97.0,78.0,1
392,20,Cash on Delivery,15.0,146,38,0,67.0,73.0,73.0,1
1494,0,Cash on Delivery,10.0,73,14,0,79.0,24.0,49.0,1
1367,40,Cash on Delivery,10.0,63,15,0,81.0,65.0,-2.0,0
1703,0,Credit Card,50.0,85,40,100,69.0,90.0,-5.0,0
1849,30,Digital Wallet,5.0,73,25,0,37.0,60.0,13.0,1
1341,50,Credit Card,0.0,144,40,100,90.0,90.0,54.0,1
276,30,Digital Wallet,0.0,104,34,0,37.0,64.0,40.0,1
1422,0,Cash on Delivery,15.0,73,42,0,63.0,57.0,16.0,1
1799,20,Digital Wallet,50.0,75,22,50,108.0,92.0,-17.0,0
157,50,Cash on Delivery,15.0,129,19,0,89.0,84.0,45.0,1
1392,30,Cash on Delivery,0.0,114,33,0,86.0,63.0,51.0,1
407,40,Digital Wallet,10.0,124,19,100,75.0,69.0,55.0,1
1693,20,Cash on Delivery,5.0,92,50,0,51.0,75.0,17.0,1
1411,30,Digital Wallet,50.0,78,40,0,116.0,120.0,-42.0,0
1076,40,Cash on Delivery,10.0,130,22,0,69.0,72.0,58.0,1
1228,0,Credit Card,5.0,103,12,0,74.0,17.0,86.0,1
1351,40,Credit Card,50.0,88,43,0,84.0,133.0,-45.0,0
1370,30,Cash on Delivery,50.0,91,37,0,80.0,117.0,-26.0,0
799,30,Cash on Delivery,0.0,78,28,100,115.0,58.0,20.0,1
1617,0,Digital Wallet,10.0,180,32,0,34.0,42.0,138.0,1
182,40,Credit Card,50.0,187,41,100,42.0,131.0,56.0,1
1309,40,Digital Wallet,50.0,191,22,0,57.0,112.0,79.0,1
351,0,Cash on Delivery,5.0,91,42,100,113.0,47.0,44.0,1
1478,40,Cash on Delivery,0.0,143,43,100,109.0,83.0,60.0,1
1873,0,Digital Wallet,15.0,81,42,0,91.0,57.0,24.0,1
1995,20,Cash on Delivery,0.0,75,14,0,116.0,34.0,41.0,1
1819,30,Credit Card,15.0,164,12,0,53.0,57.0,107.0,1
895,20,Digital Wallet,10.0,178,16,0,36.0,46.0,132.0,1
996,50,Credit Card,10.0,105,33,0,67.0,93.0,12.0,1
309,50,Credit Card,50.0,171,31,100,66.0,131.0,40.0,1
915,50,Credit Card,10.0,155,32,0,97.0,92.0,63.0,1
1931,0,Digital Wallet,50.0,179,39,50,71.0,89.0,90.0,1
708,40,Cash on Delivery,0.0,130,27,100,115.0,67.0,63.0,1
546,20,Credit Card,10.0,169,41,150,34.0,71.0,98.0,1
559,20,Credit Card,0.0,101,16,150,93.0,36.0,65.0,1
1067,20,Credit Card,0.0,140,42,0,79.0,62.0,78.0,1
571,20,Cash on Delivery,10.0,186,14,150,116.0,44.0,142.0,1
1843,50,Cash on Delivery,0.0,71,37,0,44.0,87.0,-16.0,0
469,20,Digital Wallet,10.0,83,17,0,102.0,47.0,36.0,1
999,40,Cash on Delivery,10.0,159,24,0,82.0,74.0,85.0,1
1615,50,Digital Wallet,10.0,98,13,0,54.0,73.0,25.0,1
1022,20,Digital Wallet,15.0,178,43,0,118.0,78.0,100.0,1
236,0,Digital Wallet,0.0,122,14,50,114.0,14.0,108.0,1
466,30,Digital Wallet,5.0,133,42,0,38.0,77.0,56.0,1
1011,30,Digital Wallet,10.0,102,14,150,67.0,54.0,48.0,1
283,30,Credit Card,0.0,149,47,0,51.0,77.0,72.0,1
1711,50,Cash on Delivery,50.0,173,43,0,116.0,143.0,30.0,1
1410,20,Credit Card,10.0,94,35,0,78.0,65.0,29.0,1
571,50,Digital Wallet,10.0,186,10,0,97.0,70.0,116.0,1
1498,40,Cash on Delivery,5.0,154,13,0,44.0,58.0,96.0,1
753,0,Credit Card,15.0,199,48,0,94.0,63.0,136.0,1
848,0,Credit Card,15.0,195,35,0,83.0,50.0,145.0,1
636,30,Digital Wallet,10.0,155,42,0,59.0,82.0,73.0,1
1634,30,Credit Card,0.0,92,42,0,49.0,72.0,20.0,1
901,30,Credit Card,50.0,183,17,0,62.0,97.0,86.0,1
1702,20,Credit Card,50.0,97,29,0,115.0,99.0,-2.0,0
1373,40,Credit Card,0.0,175,25,0,106.0,65.0,110.0,1
1019,40,Credit Card,10.0,56,30,0,36.0,80.0,-24.0,0
609,40,Digital Wallet,50.0,65,35,0,37.0,125.0,-60.0,0
729,40,Digital Wallet,15.0,178,32,0,57.0,87.0,91.0,1
1101,30,Credit Card,0.0,164,27,0,74.0,57.0,107.0,1
1196,0,Digital Wallet,5.0,86,40,0,102.0,45.0,41.0,1
1405,30,Digital Wallet,10.0,174,21,0,118.0,61.0,113.0,1
1015,40,Cash on Delivery,0.0,130,10,0,109.0,50.0,80.0,1
1483,30,Credit Card,50.0,111,18,0,103.0,98.0,13.0,1
1133,40,Digital Wallet,10.0,121,12,0,40.0,62.0,59.0,1
1334,50,Digital Wallet,15.0,174,35,0,60.0,100.0,74.0,1
1958,0,Credit Card,10.0,115,18,100,41.0,28.0,87.0,1
251,50,Cash on Delivery,10.0,79,25,0,107.0,85.0,-6.0,0
1128,20,Credit Card,15.0,69,33,0,80.0,68.0,1.0,1
1318,30,Cash on Delivery,15.0,131,23,0,73.0,68.0,63.0,1
1406,20,Credit Card,10.0,156,12,100,79.0,42.0,114.0,1
563,30,Credit Card,15.0,181,43,0,46.0,88.0,93.0,1
1236,50,Credit Card,0.0,86,42,0,64.0,92.0,-6.0,0
370,40,Credit Card,15.0,181,33,0,30.0,88.0,93.0,1
1286,40,Cash on Delivery,15.0,126,18,0,58.0,73.0,53.0,1
559,30,Cash on Delivery,10.0,138,22,50,80.0,62.0,76.0,1
204,40,Digital Wallet,0.0,195,11,0,93.0,51.0,144.0,1
1816,50,Credit Card,5.0,137,16,0,33.0,71.0,66.0,1
1679,40,Cash on Delivery,5.0,82,30,0,116.0,75.0,7.0,1
1405,50,Cash on Delivery,50.0,107,28,150,57.0,128.0,-21.0,0
1810,20,Cash on Delivery,15.0,77,34,100,45.0,69.0,8.0,1
261,50,Credit Card,15.0,84,31,0,92.0,96.0,-12.0,0
450,0,Digital Wallet,0.0,174,20,100,105.0,20.0,154.0,1
533,0,Cash on Delivery,5.0,187,42,0,82.0,47.0,140.0,1
951,0,Credit Card,50.0,114,41,0,114.0,91.0,23.0,1
239,30,Cash on Delivery,0.0,91,30,0,46.0,60.0,31.0,1
1594,30,Cash on Delivery,15.0,134,48,50,69.0,93.0,41.0,1
1255,30,Digital Wallet,5.0,186,29,0,42.0,64.0,122.0,1
186,50,Cash on Delivery,50.0,160,17,0,81.0,117.0,43.0,1
1811,30,Cash on Delivery,10.0,64,46,0,87.0,86.0,-22.0,0
282,20,Credit Card,5.0,118,18,100,66.0,43.0,75.0,1
467,0,Credit Card,50.0,154,34,150,108.0,84.0,70.0,1
228,50,Digital Wallet,0.0,199,34,0,105.0,84.0,115.0,1
1369,0,Credit Card,10.0,113,42,100,90.0,52.0,61.0,1
1724,30,Credit Card,50.0,90,11,50,108.0,91.0,-1.0,0
1701,50,Digital Wallet,50.0,120,28,0,63.0,128.0,-8.0,0
769,40,Cash on Delivery,15.0,105,29,100,99.0,84.0,21.0,1
1501,20,Digital Wallet,5.0,200,50,0,46.0,75.0,125.0,1
248,30,Credit Card,15.0,74,38,0,49.0,83.0,-9.0,0
1084,30,Digital Wallet,10.0,154,15,0,102.0,55.0,99.0,1
951,20,Cash on Delivery,50.0,183,26,50,88.0,96.0,87.0,1
1556,20,Digital Wallet,15.0,168,34,0,98.0,69.0,99.0,1
727,40,Credit Card,5.0,58,47,0,116.0,92.0,-34.0,0
1849,30,Credit Card,10.0,109,13,0,62.0,53.0,56.0,1
1592,30,Digital Wallet,0.0,174,39,50,107.0,69.0,105.0,1
545,0,Cash on Delivery,15.0,98,29,0,46.0,44.0,54.0,1
1604,50,Digital Wallet,10.0,100,12,0,86.0,72.0,28.0,1
983,50,Cash on Delivery,0.0,119,32,0,112.0,82.0,37.0,1
393,0,Cash on Delivery,15.0,86,27,0,30.0,42.0,44.0,1
1888,50,Digital Wallet,10.0,80,35,0,42.0,95.0,-15.0,0
1266,20,Cash on Delivery,10.0,111,45,0,56.0,75.0,36.0,1
349,50,Credit Card,15.0,142,17,150,99.0,82.0,60.0,1
977,50,Digital Wallet,10.0,63,26,100,88.0,86.0,-23.0,0
1047,0,Cash on Delivery,50.0,128,40,100,35.0,90.0,38.0,1
1074,40,Credit Card,15.0,57,46,0,52.0,101.0,-44.0,0
1425,50,Digital Wallet,10.0,85,42,100,39.0,102.0,-17.0,0
1148,50,Credit Card,0.0,97,36,0,80.0,86.0,11.0,1
888,40,Credit Card,0.0,134,13,0,48.0,53.0,81.0,1
1083,0,Credit Card,50.0,77,31,0,80.0,81.0,-4.0,0
988,40,Cash on Delivery,15.0,100,35,0,116.0,90.0,10.0,1
989,0,Digital Wallet,10.0,153,41,0,97.0,51.0,102.0,1
169,20,Digital Wallet,10.0,150,33,0,113.0,63.0,87.0,1
724,0,Cash on Delivery,0.0,78,44,100,112.0,44.0,34.0,1
974,20,Digital Wallet,50.0,176,46,0,71.0,116.0,60.0,1
1235,20,Credit Card,0.0,131,41,0,86.0,61.0,70.0,1
1487,0,Digital Wallet,0.0,59,16,0,97.0,16.0,43.0,1
1426,30,Cash on Delivery,50.0,155,42,0,67.0,122.0,33.0,1
570,0,Credit Card,15.0,50,40,0,91.0,55.0,-5.0,0
190,50,Cash on Delivery,10.0,88,21,50,36.0,81.0,7.0,1
629,50,Credit Card,15.0,70,20,0,100.0,85.0,-15.0,0
760,30,Credit Card,5.0,114,33,100,79.0,68.0,46.0,1
838,20,Digital Wallet,5.0,64,17,50,81.0,42.0,22.0,1
825,30,Credit Card,5.0,181,41,0,55.0,76.0,105.0,1
971,50,Cash on Delivery,50.0,110,47,0,55.0,147.0,-37.0,0
1786,30,Digital Wallet,0.0,197,31,0,48.0,61.0,136.0,1
291,0,Cash on Delivery,15.0,187,43,0,38.0,58.0,129.0,1
1675,30,Credit Card,10.0,136,28,0,90.0,68.0,68.0,1
1365,20,Cash on Delivery,5.0,154,29,0,49.0,54.0,100.0,1
237,0,Cash on Delivery,15.0,83,23,0,79.0,38.0,45.0,1
444,40,Credit Card,5.0,173,42,0,109.0,87.0,86.0,1
1303,50,Digital Wallet,5.0,159,19,0,110.0,74.0,85.0,1
1108,50,Cash on Delivery,10.0,82,25,0,51.0,85.0,-3.0,0
1835,30,Credit Card,50.0,147,13,100,42.0,93.0,54.0,1
602,0,Digital Wallet,0.0,110,36,150,41.0,36.0,74.0,1
302,40,Digital Wallet,50.0,59,37,0,39.0,127.0,-68.0,0
672,0,Digital Wallet,15.0,133,25,100,94.0,40.0,93.0,1
291,50,Cash on Delivery,50.0,114,42,100,59.0,142.0,-28.0,0
104,0,Cash on Delivery,15.0,126,28,0,37.0,43.0,83.0,1
1360,40,Cash on Delivery,15.0,50,30,0,50.0,85.0,-35.0,0
1816,30,Digital Wallet,0.0,182,31,100,51.0,61.0,121.0,1
410,20,Cash on Delivery,10.0,129,18,0,47.0,48.0,81.0,1
648,0,Credit Card,0.0,64,18,0,95.0,18.0,46.0,1
155,20,Cash on Delivery,50.0,77,18,0,77.0,88.0,-11.0,0
542,50,Cash on Delivery,15.0,72,36,50,73.0,101.0,-29.0,0
1360,30,Digital Wallet,5.0,158,26,150,38.0,61.0,97.0,1
969,30,Cash on Delivery,5.0,156,17,100,96.0,52.0,104.0,1
1984,0,Credit Card,15.0,194,25,150,83.0,40.0,154.0,1
1320,30,Digital Wallet,0.0,162,27,0,55.0,57.0,105.0,1
684,0,Credit Card,10.0,147,42,0,114.0,52.0,95.0,1
1694,0,Digital Wallet,0.0,190,10,50,55.0,10.0,180.0,1
851,20,Digital Wallet,15.0,191,21,0,63.0,56.0,135.0,1
1637,30,Cash on Delivery,15.0,188,15,0,37.0,60.0,128.0,1
1572,0,Credit Card,10.0,77,50,50,39.0,60.0,17.0,1
459,20,Digital Wallet,50.0,91,14,0,77.0,84.0,7.0,1
1823,40,Cash on Delivery,50.0,148,25,0,84.0,115.0,33.0,1
918,20,Digital Wallet,10.0,110,27,0,83.0,57.0,53.0,1
129,20,Digital Wallet,50.0,172,27,0,107.0,97.0,75.0,1
1902,0,Digital Wallet,5.0,113,10,0,69.0,15.0,98.0,1
207,50,Digital Wallet,50.0,80,28,0,44.0,128.0,-48.0,0
943,50,Digital Wallet,50.0,130,17,0,110.0,117.0,13.0,1
1725,50,Digital Wallet,50.0,59,12,0,47.0,112.0,-53.0,0
816,20,Cash on Delivery,5.0,57,34,0,52.0,59.0,-2.0,0
990,0,Digital Wallet,50.0,198,14,0,91.0,64.0,134.0,1
1059,30,Credit Card,5.0,108,49,0,75.0,84.0,24.0,1
1568,20,Cash on Delivery,10.0,79,28,0,116.0,58.0,21.0,1
992,20,Credit Card,0.0,194,27,100,68.0,47.0,147.0,1
1561,0,Digital Wallet,10.0,69,40,0,44.0,50.0,19.0,1
831,40,Credit Card,0.0,97,42,0,82.0,82.0,15.0,1
705,20,Digital Wallet,10.0,179,27,0,117.0,57.0,122.0,1
556,40,Digital Wallet,0.0,86,48,0,93.0,88.0,-2.0,0
714,40,Cash on Delivery,0.0,178,25,150,92.0,65.0,113.0,1
1858,50,Cash on Delivery,15.0,181,25,0,109.0,90.0,91.0,1
797,0,Digital Wallet,0.0,149,47,0,45.0,47.0,102.0,1
1819,40,Cash on Delivery,0.0,103,50,0,99.0,90.0,13.0,1
1618,0,Credit Card,15.0,171,16,50,95.0,31.0,140.0,1
773,50,Cash on Delivery,50.0,74,23,100,42.0,123.0,-49.0,0
1370,0,Cash on Delivery,50.0,180,34,150,76.0,84.0,96.0,1
642,20,Credit Card,15.0,58,41,150,38.0,76.0,-18.0,0
1687,40,Cash on Delivery,5.0,83,47,0,92.0,92.0,-9.0,0
956,0,Digital Wallet,0.0,92,31,100,63.0,31.0,61.0,1
1711,30,Credit Card,0.0,123,25,0,110.0,55.0,68.0,1
996,0,Digital Wallet,15.0,143,38,0,58.0,53.0,90.0,1
1562,40,Credit Card,15.0,71,25,0,66.0,80.0,-9.0,0
377,50,Digital Wallet,5.0,119,21,0,72.0,76.0,43.0,1
651,50,Digital Wallet,50.0,179,26,0,115.0,126.0,53.0,1
1736,40,Cash on Delivery,10.0,143,46,0,93.0,96.0,47.0,1
210,20,Digital Wallet,50.0,81,36,0,53.0,106.0,-25.0,0
484,20,Cash on Delivery,0.0,155,34,150,100.0,54.0,101.0,1
1956,50,Credit Card,15.0,193,22,0,63.0,87.0,106.0,1
860,50,Digital Wallet,5.0,50,17,50,77.0,72.0,-22.0,0
1314,40,Digital Wallet,50.0,121,14,100,41.0,104.0,17.0,1
1613,20,Credit Card,5.0,99,21,0,52.0,46.0,53.0,1
793,50,Credit Card,50.0,190,50,0,108.0,150.0,40.0,1
1549,20,Digital Wallet,0.0,64,12,0,42.0,32.0,32.0,1
504,50,Credit Card,10.0,102,44,150,116.0,104.0,-2.0,0
1458,0,Cash on Delivery,5.0,57,42,50,74.0,47.0,10.0,1
1332,30,Credit Card,5.0,123,31,0,94.0,66.0,57.0,1
121,0,Credit Card,10.0,95,18,0,76.0,28.0,67.0,1
777,50,Digital Wallet,5.0,118,50,150,87.0,105.0,13.0,1
710,30,Cash on Delivery,5.0,163,27,50,34.0,62.0,101.0,1
1331,30,Credit Card,50.0,196,38,50,106.0,118.0,78.0,1
107,50,Cash on Delivery,50.0,172,48,0,34.0,148.0,24.0,1
801,50,Cash on Delivery,10.0,188,36,50,89.0,96.0,92.0,1
1810,20,Cash on Delivery,0.0,166,45,0,50.0,65.0,101.0,1
1908,50,Digital Wallet,5.0,92,26,0,53.0,81.0,11.0,1
628,40,Credit Card,0.0,69,43,0,47.0,83.0,-14.0,0
701,50,Digital Wallet,10.0,197,12,0,50.0,72.0,125.0,1
1776,40,Credit Card,10.0,70,14,0,83.0,64.0,6.0,1
756,50,Credit Card,50.0,131,23,0,39.0,123.0,8.0,1
265,20,Digital Wallet,5.0,106,12,0,53.0,37.0,69.0,1
948,40,Cash on Delivery,15.0,123,32,50,114.0,87.0,36.0,1
595,0,Cash on Delivery,10.0,147,48,0,118.0,58.0,89.0,1
689,40,Credit Card,5.0,159,39,0,89.0,84.0,75.0,1
528,20,Digital Wallet,0.0,164,32,0,86.0,52.0,112.0,1
873,40,Cash on Delivery,50.0,91,36,0,52.0,126.0,-35.0,0
262,50,Cash on Delivery,0.0,117,19,0,51.0,69.0,48.0,1
465,50,Credit Card,10.0,119,34,0,97.0,94.0,25.0,1
1649,20,Credit Card,10.0,127,22,50,63.0,52.0,75.0,1
1362,30,Digital Wallet,0.0,139,25,0,99.0,55.0,84.0,1
171,50,Credit Card,10.0,160,50,0,57.0,110.0,50.0,1
1568,0,Cash on Delivery,5.0,161,43,0,68.0,48.0,113.0,1
754,20,Cash on Delivery,10.0,152,46,0,71.0,76.0,76.0,1
1945,40,Cash on Delivery,50.0,194,31,100,52.0,121.0,73.0,1
1632,40,Cash on Delivery,5.0,68,26,150,99.0,71.0,-3.0,0
1918,0,Digital Wallet,15.0,119,32,150,109.0,47.0,72.0,1
368,50,Digital Wallet,10.0,112,45,0,31.0,105.0,7.0,1
1876,20,Credit Card,10.0,124,18,0,53.0,48.0,76.0,1
514,0,Credit Card,50.0,153,11,0,46.0,61.0,92.0,1
1368,50,Credit Card,50.0,124,41,0,94.0,141.0,-17.0,0
1115,20,Digital Wallet,0.0,177,31,0,99.0,51.0,126.0,1
774,40,Cash on Delivery,0.0,105,22,0,98.0,62.0,43.0,1
1183,20,Credit Card,0.0,71,17,0,89.0,37.0,34.0,1
105,30,Cash on Delivery,50.0,138,10,0,79.0,90.0,48.0,1
1832,20,Credit Card,0.0,68,26,0,41.0,46.0,22.0,1
1081,30,Credit Card,0.0,75,21,0,76.0,51.0,24.0,1
669,20,Credit Card,15.0,72,13,0,96.0,48.0,24.0,1
1940,30,Credit Card,0.0,96,22,50,94.0,52.0,44.0,1
506,40,Credit Card,10.0,62,40,0,56.0,90.0,-28.0,0
1340,50,Cash on Delivery,50.0,115,50,0,77.0,150.0,-35.0,0
125,30,Credit Card,5.0,193,16,0,117.0,51.0,142.0,1
1938,30,Cash on Delivery,15.0,122,32,0,91.0,77.0,45.0,1
1128,40,Digital Wallet,50.0,126,33,0,73.0,123.0,3.0,1
1085,30,Credit Card,50.0,80,14,0,48.0,94.0,-14.0,0
1655,0,Cash on Delivery,10.0,134,14,0,88.0,24.0,110.0,1
489,40,Digital Wallet,0.0,108,26,0,37.0,66.0,42.0,1
809,0,Digital Wallet,10.0,90,39,50,84.0,49.0,41.0,1
670,40,Digital Wallet,0.0,161,18,150,76.0,58.0,103.0,1
1571,30,Cash on Delivery,0.0,145,15,0,31.0,45.0,100.0,1
853,0,Credit Card,50.0,171,34,0,68.0,84.0,87.0,1
245,30,Credit Card,0.0,154,28,0,74.0,58.0,96.0,1
1511,40,Cash on Delivery,15.0,123,25,150,61.0,80.0,43.0,1
884,30,Credit Card,15.0,181,30,0,94.0,75.0,106.0,1
1372,0,Cash on Delivery,15.0,148,11,0,67.0,26.0,122.0,1
625,0,Credit Card,50.0,175,19,0,106.0,69.0,106.0,1
1585,30,Digital Wallet,10.0,187,25,0,40.0,65.0,122.0,1
112,20,Credit Card,5.0,124,46,100,39.0,71.0,53.0,1
1002,40,Cash on Delivery,0.0,63,24,0,88.0,64.0,-1.0,0
483,40,Cash on Delivery,5.0,87,22,100,119.0,67.0,20.0,1
655,30,Digital Wallet,10.0,189,22,0,84.0,62.0,127.0,1
986,20,Cash on Delivery,10.0,94,41,0,49.0,71.0,23.0,1
1522,0,Credit Card,50.0,194,17,0,110.0,67.0,127.0,1
118,50,Credit Card,15.0,124,27,0,46.0,92.0,32.0,1
674,50,Digital Wallet,15.0,78,45,0,97.0,110.0,-32.0,0
1614,30,Cash on Delivery,10.0,67,35,0,34.0,75.0,-8.0,0
850,20,Digital Wallet,50.0,69,19,0,89.0,89.0,-20.0,0
1103,20,Credit Card,50.0,63,40,0,52.0,110.0,-47.0,0
518,40,Digital Wallet,0.0,103,42,0,75.0,82.0,21.0,1
1460,0,Cash on Delivery,15.0,80,38,150,81.0,53.0,27.0,1
518,20,Digital Wallet,10.0,107,14,0,39.0,44.0,63.0,1
1735,50,Cash on Delivery,5.0,153,22,0,75.0,77.0,76.0,1
1798,0,Cash on Delivery,15.0,177,10,0,57.0,25.0,152.0,1
221,0,Credit Card,0.0,74,32,0,72.0,32.0,42.0,1
531,30,Credit Card,50.0,68,49,0,55.0,129.0,-61.0,0
143,20,Credit Card,10.0,185,12,150,84.0,42.0,143.0,1
1995,30,Cash on Delivery,15.0,52,12,100,77.0,57.0,-5.0,0
1440,20,Digital Wallet,5.0,135,16,0,58.0,41.0,94.0,1
480,40,Cash on Delivery,0.0,194,45,0,56.0,85.0,109.0,1
244,30,Credit Card,0.0,191,44,150,47.0,74.0,117.0,1
1450,30,Credit Card,15.0,58,24,50,89.0,69.0,-11.0,0
462,50,Digital Wallet,5.0,143,49,0,103.0,104.0,39.0,1
1173,30,Credit Card,0.0,198,12,0,98.0,42.0,156.0,1
1188,20,Credit Card,10.0,188,38,0,103.0,68.0,120.0,1
454,50,Credit Card,0.0,69,39,100,50.0,89.0,-20.0,0
899,30,Digital Wallet,5.0,84,48,0,53.0,83.0,1.0,1
1287,30,Cash on Delivery,50.0,102,27,150,32.0,107.0,-5.0,0
1264,40,Credit Card,50.0,159,20,100,91.0,110.0,49.0,1
925,30,Digital Wallet,15.0,185,47,0,31.0,92.0,93.0,1
1251,0,Credit Card,5.0,53,49,0,95.0,54.0,-1.0,0
497,50,Digital Wallet,0.0,151,10,0,71.0,60.0,91.0,1
979,0,Credit Card,0.0,96,38,150,63.0,38.0,58.0,1
562,50,Digital Wallet,50.0,143,19,0,71.0,119.0,24.0,1
1874,40,Credit Card,50.0,97,37,0,49.0,127.0,-30.0,0
1959,30,Cash on Delivery,10.0,140,40,0,97.0,80.0,60.0,1
907,30,Credit Card,50.0,133,28,150,74.0,108.0,25.0,1
286,30,Digital Wallet,10.0,117,12,0,104.0,52.0,65.0,1
1843,50,Credit Card,0.0,188,45,0,71.0,95.0,93.0,1
831,30,Cash on Delivery,10.0,174,24,50,76.0,64.0,110.0,1
1313,0,Credit Card,10.0,122,42,0,34.0,52.0,70.0,1
1511,30,Digital Wallet,15.0,53,50,0,118.0,95.0,-42.0,0
528,40,Digital Wallet,50.0,125,35,0,78.0,125.0,0.0,0
957,0,Cash on Delivery,10.0,122,25,0,66.0,35.0,87.0,1
1407,30,Digital Wallet,0.0,126,45,150,63.0,75.0,51.0,1
1987,30,Credit Card,5.0,97,42,0,102.0,77.0,20.0,1
336,20,Credit Card,10.0,151,29,150,99.0,59.0,92.0,1
1317,50,Credit Card,50.0,155,22,0,47.0,122.0,33.0,1
1410,0,Digital Wallet,15.0,126,42,50,107.0,57.0,69.0,1
870,20,Credit Card,0.0,88,14,50,48.0,34.0,54.0,1
857,40,Credit Card,15.0,107,46,100,107.0,101.0,6.0,1
235,50,Credit Card,5.0,68,23,0,69.0,78.0,-10.0,0
891,0,Cash on Delivery,10.0,137,36,0,46.0,46.0,91.0,1
1906,30,Digital Wallet,10.0,162,32,0,89.0,72.0,90.0,1
270,0,Digital Wallet,50.0,126,23,0,71.0,73.0,53.0,1
258,30,Digital Wallet,10.0,126,49,0,110.0,89.0,37.0,1
300,50,Cash on Delivery,0.0,77,13,0,101.0,63.0,14.0,1
1610,30,Digital Wallet,5.0,115,48,0,94.0,83.0,32.0,1
1680,40,Cash on Delivery,15.0,59,28,0,82.0,83.0,-24.0,0
1061,30,Cash on Delivery,5.0,175,13,0,36.0,48.0,127.0,1
1899,40,Digital Wallet,10.0,107,39,50,34.0,89.0,18.0,1
682,50,Credit Card,15.0,191,28,0,53.0,93.0,98.0,1
1627,50,Credit Card,50.0,174,40,0,57.0,140.0,34.0,1
975,0,Digital Wallet,5.0,161,40,50,91.0,45.0,116.0,1
470,40,Digital Wallet,15.0,133,18,100,46.0,73.0,60.0,1
202,40,Cash on Delivery,15.0,192,22,0,49.0,77.0,115.0,1
1101,20,Digital Wallet,15.0,145,23,0,32.0,58.0,87.0,1
1248,20,Cash on Delivery,0.0,82,19,0,66.0,39.0,43.0,1
1436,20,Digital Wallet,5.0,194,40,0,119.0,65.0,129.0,1
1075,30,Credit Card,15.0,190,46,0,44.0,91.0,99.0,1
897,20,Credit Card,5.0,96,32,0,80.0,57.0,39.0,1
1581,40,Digital Wallet,15.0,161,36,0,77.0,91.0,70.0,1
1353,30,Cash on Delivery,50.0,193,15,0,37.0,95.0,98.0,1
757,50,Credit Card,50.0,92,35,0,42.0,135.0,-43.0,0
981,0,Cash on Delivery,50.0,57,11,150,77.0,61.0,-4.0,0
1320,20,Digital Wallet,10.0,52,22,0,32.0,52.0,0.0,0
832,50,Digital Wallet,15.0,174,28,0,94.0,93.0,81.0,1
522,40,Credit Card,10.0,61,10,0,102.0,60.0,1.0,1
671,0,Digital Wallet,5.0,133,49,150,60.0,54.0,79.0,1
1733,50,Credit Card,10.0,65,41,0,55.0,101.0,-36.0,0
270,0,Cash on Delivery,5.0,127,31,0,110.0,36.0,91.0,1
1505,20,Credit Card,5.0,108,38,0,85.0,63.0,45.0,1
272,40,Credit Card,5.0,112,11,0,63.0,56.0,56.0,1
762,0,Cash on Delivery,10.0,98,49,0,38.0,59.0,39.0,1
552,50,Credit Card,15.0,100,47,0,91.0,112.0,-12.0,0
449,20,Credit Card,10.0,82,20,0,42.0,50.0,32.0,1
1757,20,Digital Wallet,15.0,79,26,150,98.0,61.0,18.0,1
593,50,Cash on Delivery,15.0,125,17,100,70.0,82.0,43.0,1
719,50,Credit Card,5.0,64,31,0,106.0,86.0,-22.0,0
1127,0,Cash on Delivery,10.0,131,13,0,30.0,23.0,108.0,1
1216,30,Cash on Delivery,15.0,141,20,100,118.0,65.0,76.0,1
1018,20,Credit Card,50.0,72,17,0,76.0,87.0,-15.0,0
105,0,Digital Wallet,15.0,143,18,0,33.0,33.0,110.0,1
387,50,Cash on Delivery,50.0,94,35,0,92.0,135.0,-41.0,0
1741,0,Credit Card,10.0,111,11,50,81.0,21.0,90.0,1
1269,50,Cash on Delivery,10.0,64,25,0,39.0,85.0,-21.0,0
1906,40,Digital Wallet,10.0,95,40,0,57.0,90.0,5.0,1
1547,50,Digital Wallet,15.0,113,15,150,35.0,80.0,33.0,1
707,50,Digital Wallet,0.0,124,30,0,56.0,80.0,44.0,1
556,50,Credit Card,15.0,101,35,0,41.0,100.0,1.0,1
1864,30,Credit Card,15.0,137,28,0,91.0,73.0,64.0,1
1325,50,Digital Wallet,5.0,106,37,0,81.0,92.0,14.0,1
1335,20,Credit Card,5.0,132,17,50,77.0,42.0,90.0,1
1129,20,Digital Wallet,15.0,115,23,100,96.0,58.0,57.0,1
723,0,Credit Card,50.0,199,33,0,75.0,83.0,116.0,1
475,30,Digital Wallet,5.0,69,46,0,103.0,81.0,-12.0,0
546,0,Cash on Delivery,15.0,82,35,0,44.0,50.0,32.0,1
934,20,Digital Wallet,0.0,121,40,0,100.0,60.0,61.0,1
1229,20,Digital Wallet,50.0,74,41,0,65.0,111.0,-37.0,0
1774,40,Credit Card,10.0,95,50,0,43.0,100.0,-5.0,0
910,50,Credit Card,15.0,122,11,150,107.0,76.0,46.0,1
1524,20,Credit Card,15.0,147,34,0,32.0,69.0,78.0,1
1219,0,Credit Card,50.0,106,11,0,96.0,61.0,45.0,1
1511,0,Credit Card,5.0,136,10,0,115.0,15.0,121.0,1
1058,50,Credit Card,5.0,182,45,0,48.0,100.0,82.0,1
1575,50,Cash on Delivery,5.0,104,21,0,105.0,76.0,28.0,1
948,40,Digital Wallet,10.0,110,18,0,83.0,68.0,42.0,1
908,30,Digital Wallet,50.0,138,45,0,98.0,125.0,13.0,1
1078,0,Digital Wallet,50.0,57,50,0,39.0,100.0,-43.0,0
515,50,Cash on Delivery,5.0,65,37,0,62.0,92.0,-27.0,0
825,0,Digital Wallet,5.0,165,47,50,42.0,52.0,113.0,1
1627,50,Cash on Delivery,0.0,110,42,0,80.0,92.0,18.0,1
553,20,Cash on Delivery,0.0,64,31,0,61.0,51.0,13.0,1
1414,0,Cash on Delivery,15.0,199,34,0,104.0,49.0,150.0,1
1657,20,Digital Wallet,15.0,180,27,100,53.0,62.0,118.0,1
